,open_time,open,high,low,close,VOLUME,close_time
0,1714953600000,0.02219,0.02284,0.02182,0.02281,142358659.0,1714955399999
1,1714955400000,0.0228,0.02539,0.02264,0.02535,435408863.0,1714957199999
2,1714957200000,0.02533,0.02572,0.02489,0.02493,400698622.0,1714958999999
3,1714959000000,0.02492,0.02694,0.02479,0.02641,528839245.0,1714960799999
4,1714960800000,0.02641,0.02665,0.02563,0.02585,396226619.0,1714962599999
5,1714962600000,0.02584,0.02598,0.02481,0.02496,336976495.0,1714964399999
6,1714964400000,0.02495,0.02515,0.02419,0.02434,333873419.0,1714966199999
7,1714966200000,0.02433,0.02458,0.02401,0.02421,223951343.0,1714967999999
8,1714968000000,0.02421,0.02421,0.02324,0.02333,290315541.0,1714969799999
9,1714969800000,0.02331,0.02356,0.023,0.02343,235021921.0,1714971599999
10,1714971600000,0.02342,0.02354,0.02282,0.02322,225636197.0,1714973399999
11,1714973400000,0.02322,0.02351,0.02305,0.02343,139738098.0,1714975199999
12,1714975200000,0.02342,0.02388,0.02322,0.0236,190174984.0,1714976999999
13,1714977000000,0.02359,0.02359,0.02263,0.02282,178545683.0,1714978799999
14,1714978800000,0.02282,0.02331,0.02271,0.02317,120709847.0,1714980599999
15,1714980600000,0.02317,0.02342,0.02309,0.02331,82171916.0,1714982399999
16,1714982400000,0.0233,0.02363,0.02308,0.02333,132886577.0,1714984199999
17,1714984200000,0.02331,0.02349,0.02294,0.023,92678610.0,1714985999999
18,1714986000000,0.02299,0.02343,0.02298,0.0233,78721828.0,1714987799999
19,1714987800000,0.0233,0.02331,0.02282,0.02315,84124093.0,1714989599999
20,1714989600000,0.02315,0.02357,0.02296,0.02346,90317841.0,1714991399999
21,1714991400000,0.02346,0.02379,0.02289,0.02327,246143452.0,1714993199999
22,1714993200000,0.02326,0.0235,0.02295,0.02314,89998062.0,1714994999999
23,1714995000000,0.02313,0.02316,0.02232,0.02253,152170093.0,1714996799999
