,open_time,open,high,low,close,VOLUME,close_time
0,1711375200000,0.008085,0.008498,0.008048,0.008414,1001595403.0,1711378799999
1,1711378800000,0.008413,0.00868,0.008202,0.008557,1424605510.0,1711382399999
2,1711382400000,0.008559,0.009749,0.008552,0.009744,2805691429.0,1711385999999
3,1711386000000,0.009742,0.010473,0.009593,0.010399,5064677754.0,1711389599999
4,1711389600000,0.0104,0.010762,0.010292,0.010712,3366584337.0,1711393199999
5,1711393200000,0.010711,0.0115,0.010604,0.011266,3671871072.0,1711396799999
6,1711396800000,0.011267,0.011345,0.010826,0.011083,3075288814.0,1711400399999
7,1711400400000,0.011082,0.01114,0.010594,0.010717,2168050330.0,1711403999999
8,1711404000000,0.010718,0.010796,0.010336,0.01075,2163902857.0,1711407599999
9,1711407600000,0.010749,0.010911,0.010491,0.010704,1828431698.0,1711411199999
10,1711411200000,0.010704,0.010851,0.010633,0.010671,1330343277.0,1711414799999
11,1711414800000,0.010671,0.010714,0.010472,0.010496,370730050.0,1711418399999
