,open_time,open,high,low,close,VOLUME,close_time
0,1711375200000,0.17632,0.18251,0.1745,0.179,198819454.0,1711378799999
1,1711378800000,0.17899,0.195,0.17749,0.18879,210387791.0,1711382399999
2,1711382400000,0.18876,0.19296,0.18407,0.1915,148715512.0,1711385999999
3,1711386000000,0.19153,0.1965,0.18533,0.18697,152848002.0,1711389599999
4,1711389600000,0.18701,0.19406,0.18691,0.19215,84312451.0,1711393199999
5,1711393200000,0.19216,0.19412,0.18888,0.19205,77330271.0,1711396799999
6,1711396800000,0.19207,0.19233,0.18263,0.18623,120019041.0,1711400399999
7,1711400400000,0.18624,0.18877,0.18095,0.18515,73653128.0,1711403999999
8,1711404000000,0.18515,0.18856,0.1839,0.18508,57852742.0,1711407599999
9,1711407600000,0.1851,0.18782,0.18308,0.18404,49707510.0,1711411199999
10,1711411200000,0.18409,0.18875,0.18157,0.18592,73648086.0,1711414799999
11,1711414800000,0.18593,0.18624,0.18382,0.18535,13204951.0,1711418399999
